{
  "routes": [
    {
      "route_id": "1",
      "route_name": "Freeport Road",
      "stops": [
        {
          "stop_name": "Downtown",
          "times": [
            "06:00",
            "06:30",
            "07:00",
            "07:30",
            "08:00"
          ]
        },
        {
          "stop_name": "Lawrenceville",
          "times": [
            "06:15",
            "06:45",
            "07:15",
            "07:45",
            "08:15"
          ]
        },
        {
          "stop_name": "Highland Park",
          "times": [
            "06:30",
            "07:00",
            "07:30",
            "08:00",
            "08:30"
          ]
        }
      ]
    },
    {
      "route_id": "2",
      "route_name": "Mount Royal",
      "stops": [
        {
          "stop_name": "Downtown",
          "times": [
            "05:45",
            "06:15",
            "06:45",
            "07:15",
            "07:45"
          ]
        },
        {
          "stop_name": "Bloomfield",
          "times": [
            "06:00",
            "06:30",
            "07:00",
            "07:30",
            "08:00"
          ]
        },
        {
          "stop_name": "Mount Royal",
          "times": [
            "06:15",
            "06:45",
            "07:15",
            "07:45",
            "08:15"
          ]
        }
      ]
    },
    {
      "route_id": "3",
      "route_name": "Banksville",
      "stops": [
        {
          "stop_name": "Downtown",
          "times": [
            "06:00",
            "06:20",
            "06:40",
            "07:00",
            "07:20"
          ]
        },
        {
          "stop_name": "Banksville",
          "times": [
            "06:10",
            "06:30",
            "06:50",
            "07:10",
            "07:30"
          ]
        },
        {
          "stop_name": "Dormont",
          "times": [
            "06:20",
            "06:40",
            "07:00",
            "07:20",
            "07:40"
          ]
        }
      ]
    },
    {
      "route_id": "4",
      "route_name": "Spring Hill",
      "stops": [
        {
          "stop_name": "North Side",
          "times": [
            "05:50",
            "06:20",
            "06:50",
            "07:20",
            "07:50"
          ]
        },
        {
          "stop_name": "Spring Hill",
          "times": [
            "06:10",
            "06:40",
            "07:10",
            "07:40",
            "08:10"
          ]
        },
        {
          "stop_name": "Downtown",
          "times": [
            "06:30",
            "07:00",
            "07:30",
            "08:00",
            "08:30"
          ]
        }
      ]
    },
    {
      "route_id": "5",
      "route_name": "Spring Garden",
      "stops": [
        {
          "stop_name": "Allegheny Center",
          "times": [
            "06:00",
            "06:30",
            "07:00",
            "07:30",
            "08:00"
          ]
        },
        {
          "stop_name": "East Allegheny",
          "times": [
            "06:10",
            "06:40",
            "07:10",
            "07:40",
            "08:10"
          ]
        },
        {
          "stop_name": "Downtown",
          "times": [
            "06:20",
            "06:50",
            "07:20",
            "07:50",
            "08:20"
          ]
        }
      ]
    },
    {
      "route_id": "6",
      "route_name": "Perrysville",
      "stops": [
        {
          "stop_name": "North Shore",
          "times": [
            "05:55",
            "06:25",
            "06:55",
            "07:25",
            "07:55"
          ]
        },
        {
          "stop_name": "Observatory Hill",
          "times": [
            "06:10",
            "06:40",
            "07:10",
            "07:40",
            "08:10"
          ]
        },
        {
          "stop_name": "Downtown",
          "times": [
            "06:20",
            "06:50",
            "07:20",
            "07:50",
            "08:20"
          ]
        }
      ]
    },
    {
      "route_id": "7",
      "route_name": "Fineview",
      "stops": [
        {
          "stop_name": "Fineview",
          "times": [
            "06:00",
            "06:30",
            "07:00",
            "07:30",
            "08:00"
          ]
        },
        {
          "stop_name": "North Side",
          "times": [
            "06:10",
            "06:40",
            "07:10",
            "07:40",
            "08:10"
          ]
        },
        {
          "stop_name": "Downtown",
          "times": [
            "06:20",
            "06:50",
            "07:20",
            "07:50",
            "08:20"
          ]
        }
      ]
    },
    {
      "route_id": "8",
      "route_name": "McKnight",
      "stops": [
        {
          "stop_name": "Downtown",
          "times": [
            "06:00",
            "06:30",
            "07:00",
            "07:30",
            "08:00"
          ]
        },
        {
          "stop_name": "Ross Park Mall",
          "times": [
            "06:15",
            "06:45",
            "07:15",
            "07:45",
            "08:15"
          ]
        },
        {
          "stop_name": "McKnight",
          "times": [
            "06:25",
            "06:55",
            "07:25",
            "07:55",
            "08:25"
          ]
        }
      ]
    },
    {
      "route_id": "9",
      "route_name": "Bellevue",
      "stops": [
        {
          "stop_name": "North Shore",
          "times": [
            "06:05",
            "06:35",
            "07:05",
            "07:35",
            "08:05"
          ]
        },
        {
          "stop_name": "Bellevue",
          "times": [
            "06:20",
            "06:50",
            "07:20",
            "07:50",
            "08:20"
          ]
        },
        {
          "stop_name": "Downtown",
          "times": [
            "06:35",
            "07:05",
            "07:35",
            "08:05",
            "08:35"
          ]
        }
      ]
    },
    {
      "route_id": "10",
      "route_name": "Ohio Valley",
      "stops": [
        {
          "stop_name": "Downtown",
          "times": [
            "06:10",
            "06:40",
            "07:10",
            "07:40",
            "08:10"
          ]
        },
        {
          "stop_name": "Esplen",
          "times": [
            "06:20",
            "06:50",
            "07:20",
            "07:50",
            "08:20"
          ]
        },
        {
          "stop_name": "Neville Island",
          "times": [
            "06:30",
            "07:00",
            "07:30",
            "08:00",
            "08:30"
          ]
        }
      ]
    },
    {
      "route_id": "11",
      "route_name": "Charles",
      "stops": [
        {
          "stop_name": "Downtown",
          "times": [
            "06:15",
            "06:45",
            "07:15",
            "07:45",
            "08:15"
          ]
        },
        {
          "stop_name": "Strip District",
          "times": [
            "06:25",
            "06:55",
            "07:25",
            "07:55",
            "08:25"
          ]
        },
        {
          "stop_name": "Lawrenceville",
          "times": [
            "06:35",
            "07:05",
            "07:35",
            "08:05",
            "08:35"
          ]
        }
      ]
    },
    {
      "route_id": "12",
      "route_name": "Brighton",
      "stops": [
        {
          "stop_name": "Downtown",
          "times": [
            "06:05",
            "06:35",
            "07:05",
            "07:35",
            "08:05"
          ]
        },
        {
          "stop_name": "North Side",
          "times": [
            "06:15",
            "06:45",
            "07:15",
            "07:45",
            "08:15"
          ]
        },
        {
          "stop_name": "Brighton",
          "times": [
            "06:25",
            "06:55",
            "07:25",
            "07:55",
            "08:25"
          ]
        }
      ]
    },
    {
      "route_id": "13",
      "route_name": "Shadeland",
      "stops": [
        {
          "stop_name": "North Side",
          "times": [
            "06:00",
            "06:30",
            "07:00",
            "07:30",
            "08:00"
          ]
        },
        {
          "stop_name": "Perry South",
          "times": [
            "06:10",
            "06:40",
            "07:10",
            "07:40",
            "08:10"
          ]
        },
        {
          "stop_name": "Shadeland",
          "times": [
            "06:20",
            "06:50",
            "07:20",
            "07:50",
            "08:20"
          ]
        }
      ]
    },
    {
      "route_id": "14",
      "route_name": "Manchester",
      "stops": [
        {
          "stop_name": "Downtown",
          "times": [
            "06:15",
            "06:45",
            "07:15",
            "07:45",
            "08:15"
          ]
        },
        {
          "stop_name": "Allegheny Center",
          "times": [
            "06:25",
            "06:55",
            "07:25",
            "07:55"
          ]
        },
        {
          "stop_name": "Manchester",
          "times": [
            "06:35",
            "07:05",
            "07:35",
            "08:05",
            "08:35"
          ]
        }
      ]
    },
    {
      "route_id": "15",
      "route_name": "Emsworth Limited",
      "stops": [
        {
          "stop_name": "Downtown",
          "times": [
            "06:10",
            "06:40",
            "07:10",
            "07:40",
            "08:10"
          ]
        },
        {
          "stop_name": "West End",
          "times": [
            "06:20",
            "06:50",
            "07:20",
            "07:50",
            "08:20"
          ]
        },
        {
          "stop_name": "Emsworth",
          "times": [
            "06:30",
            "07:00",
            "07:30",
            "08:00",
            "08:30"
          ]
        }
      ]
    },
    {
      "route_id": "16",
      "route_name": "Chartiers",
      "stops": [
        {
          "stop_name": "Downtown",
          "times": [
            "06:00",
            "06:30",
            "07:00",
            "07:30",
            "08:00"
          ]
        },
        {
          "stop_name": "Crafton Heights",
          "times": [
            "06:15",
            "06:45",
            "07:15",
            "07:45",
            "08:15"
          ]
        },
        {
          "stop_name": "Chartiers City",
          "times": [
            "06:30",
            "07:00",
            "07:30",
            "08:00",
            "08:30"
          ]
        }
      ]
    },
    {
      "route_id": "17",
      "route_name": "Fairywood",
      "stops": [
        {
          "stop_name": "Downtown",
          "times": [
            "05:55",
            "06:25",
            "06:55",
            "07:25",
            "07:55"
          ]
        },
        {
          "stop_name": "Elliott",
          "times": [
            "06:05",
            "06:35",
            "07:05",
            "07:35",
            "08:05"
          ]
        },
        {
          "stop_name": "Fairywood",
          "times": [
            "06:15",
            "06:45",
            "07:15",
            "07:45",
            "08:15"
          ]
        }
      ]
    },
    {
      "route_id": "18",
      "route_name": "Airport Flyer",
      "stops": [
        {
          "stop_name": "Downtown",
          "times": [
            "06:00",
            "06:30",
            "07:00",
            "07:30",
            "08:00"
          ]
        },
        {
          "stop_name": "Robinson",
          "times": [
            "06:20",
            "06:50",
            "07:20",
            "07:50",
            "08:20"
          ]
        },
        {
          "stop_name": "Pittsburgh Airport",
          "times": [
            "06:45",
            "07:15",
            "07:45",
            "08:15",
            "08:45"
          ]
        }
      ]
    },
    {
      "route_id": "19",
      "route_name": "Bridgeville",
      "stops": [
        {
          "stop_name": "Downtown",
          "times": [
            "06:00",
            "06:30",
            "07:00",
            "07:30",
            "08:00"
          ]
        },
        {
          "stop_name": "Carnegie",
          "times": [
            "06:15",
            "06:45",
            "07:15",
            "07:45",
            "08:15"
          ]
        },
        {
          "stop_name": "Bridgeville",
          "times": [
            "06:30",
            "07:00",
            "07:30",
            "08:00",
            "08:30"
          ]
        }
      ]
    },
    {
      "route_id": "20",
      "route_name": "Monroeville Flyer",
      "stops": [
        {
          "stop_name": "Downtown",
          "times": [
            "05:50",
            "06:20",
            "06:50",
            "07:20",
            "07:50"
          ]
        },
        {
          "stop_name": "Wilkinsburg",
          "times": [
            "06:05",
            "06:35",
            "07:05",
            "07:35",
            "08:05"
          ]
        },
        {
          "stop_name": "Monroeville",
          "times": [
            "06:20",
            "06:50",
            "07:20",
            "07:50",
            "08:20"
          ]
        }
      ]
    }
  ]
}